index,id,mutant,esm1v_t33_650M_UR90S_1,esm1v_t33_650M_UR90S_2,esm1v_t33_650M_UR90S_3,esm1v_t33_650M_UR90S_4,esm1v_t33_650M_UR90S_5
0,A1,S186S,0.0,0.0,0.0,0.0,0.0
1,A2,L309A|C348S|Y384F,-5.284741401672363,-4.899320602416992,-4.121393203735352,-3.475362539291382,-4.216409206390381
2,A3,Y306A|Y384F,-5.284741401672363,-4.899320602416992,-4.121393203735352,-3.475362539291382,-4.216409206390381
3,A4,Y306M|L309G|C348A,-2.7756998538970947,-2.1036500930786133,-2.3595075607299805,-2.8936524391174316,-2.7971343994140625
4,A5,Y384F,-5.284741401672363,-4.899320602416992,-4.121393203735352,-3.475362539291382,-4.216409206390381
5,A6,L309A|C348S|Y384F,-5.284741401672363,-4.899320602416992,-4.121393203735352,-3.475362539291382,-4.216409206390381
6,A7,Y384W,-8.19283676147461,-9.085862159729004,-6.3211469650268555,-6.333001613616943,-8.308034896850586
7,A8,Y306A|L309M|C348A,-2.7756998538970947,-2.1036500930786133,-2.3595075607299805,-2.8936524391174316,-2.7971343994140625
8,A9,M276F|A302S|Y306C|L309M,-5.515898704528809,-4.401591777801514,-5.013864994049072,-5.421817302703857,-5.619279384613037
9,A10,A302T|N346V|C348W|Y384F|V401L,-3.9794135093688965,-5.34702205657959,-3.2306346893310547,-3.123215675354004,-3.966273546218872
10,A11,Y306A,-8.286416053771973,-9.195320129394531,-9.483620643615723,-8.039011001586914,-7.823784351348877
11,A12,Y306M|L309G|C348A|Y384F,-5.284741401672363,-4.899320602416992,-4.121393203735352,-3.475362539291382,-4.216409206390381
12,B1,L305F|L309M|N346G|C348G|Y384F,-5.284741401672363,-4.899320602416992,-4.121393203735352,-3.475362539291382,-4.216409206390381
13,B2,L305I|Y306F|N307Y|Y308N|L309Y|N346G|C348F|Y384F,-5.284741401672363,-4.899320602416992,-4.121393203735352,-3.475362539291382,-4.216409206390381
14,B3,A302T|Y384F,-5.284741401672363,-4.899320602416992,-4.121393203735352,-3.475362539291382,-4.216409206390381
15,B4,A302T|Y384F|V401L,-3.9794135093688965,-5.34702205657959,-3.2306346893310547,-3.123215675354004,-3.966273546218872
16,B5,L309A|C348A|Y384F,-5.284741401672363,-4.899320602416992,-4.121393203735352,-3.475362539291382,-4.216409206390381
17,B6,A302T|N346V|C348W|Y384F|V401L|W417E,-11.047952651977539,-11.19593620300293,-11.229602813720703,-7.1151628494262695,-11.685235977172852
18,B7,A302T|N346V|C348W|Y384F|V401L|W417G,-8.612106323242188,-9.825526237487793,-11.378881454467773,-4.762373924255371,-10.127490043640137
19,B8,A302T|N346V|C348W|Y384F|V401L|W417I,-5.976476192474365,-5.017632484436035,-8.241697311401367,-4.4160919189453125,-7.831056118011475
20,B9,A302T|N346V|C348W|Y384F|V401L|W417N,-9.656702041625977,-10.371044158935547,-10.107458114624023,-6.628823280334473,-10.059657096862793
21,B10,A302T|N346V|C348W|Y384F|V401L|W417M,-7.852760314941406,-8.592028617858887,-9.111873626708984,-6.005830764770508,-8.372697830200195
22,B11,A302T|N346V|C348W|Y384F|V401L|W417K,-9.485564231872559,-10.593971252441406,-12.296220779418945,-7.119304656982422,-10.772369384765625
23,B12,A302T|N346V|C348W|Y384F|V401L|W417D,-11.60499382019043,-11.587729454040527,-11.726016998291016,-7.427402019500732,-13.777887344360352
24,C1,A302T|N346V|C348W|Y384F|V401L|W417P,-10.337431907653809,-11.227575302124023,-12.903071403503418,-8.175859451293945,-14.785501480102539
25,C2,A302T|N346V|C348W|Y384F|V401L|W417Q,-9.773983001708984,-10.563672065734863,-10.926862716674805,-7.155237674713135,-10.067826271057129
26,C3,A302T|N346V|C348W|Y384F|V401L|W417A,-7.422000885009766,-7.790500640869141,-9.690055847167969,-4.3387579917907715,-7.2236552238464355
27,C4,A302T|N346A|C348A|Y384F|V401L|W417L,-6.337702751159668,-6.1968994140625,-7.601588249206543,-4.806930065155029,-7.084959506988525
28,C5,A302T|N346V|C348A|Y384F|V401L|W417A,-7.422000885009766,-7.790500640869141,-9.690055847167969,-4.3387579917907715,-7.2236552238464355
29,C6,A302T|N346A|C348A|Y384F|V401L|W417C,-8.38895034790039,-6.15457820892334,-9.737157821655273,-4.520766258239746,-5.641435623168945
30,C7,A302T|N346A|C348A|Y384F|V401L|W417S,-8.328965187072754,-9.414281845092773,-9.842317581176758,-5.0176310539245605,-7.500362396240234
31,C8,A302T|N346V|C348V|Y384F|V401L|W417V,-6.025712013244629,-4.350949287414551,-7.13839054107666,-3.4306318759918213,-5.727158069610596
32,C9,A302T|N346V|C348A|Y384F|V401L|W417A,-7.422000885009766,-7.790500640869141,-9.690055847167969,-4.3387579917907715,-7.2236552238464355
33,C10,A302T|N346V|Y384F|V401L|W417A,-7.422000885009766,-7.790500640869141,-9.690055847167969,-4.3387579917907715,-7.2236552238464355
34,C11,A302T|N346V|C348F|Y384F|V401L|W417A,-7.422000885009766,-7.790500640869141,-9.690055847167969,-4.3387579917907715,-7.2236552238464355
35,C12,A302T|N346V|C348L|Y384F|V401L|W417A,-7.422000885009766,-7.790500640869141,-9.690055847167969,-4.3387579917907715,-7.2236552238464355
36,D1,A302T|N346V|C348T|Y384F|V401L|W417A,-7.422000885009766,-7.790500640869141,-9.690055847167969,-4.3387579917907715,-7.2236552238464355
37,D2,A302T|N346V|C348V|Y384F|V401L|W417A,-7.422000885009766,-7.790500640869141,-9.690055847167969,-4.3387579917907715,-7.2236552238464355
38,D3,A302T|N346V|C348W|Y384F|V401L|W417A,-7.422000885009766,-7.790500640869141,-9.690055847167969,-4.3387579917907715,-7.2236552238464355
39,D4,A302T|N346V|C348W|Y384F|V401L|W417C,-8.38895034790039,-6.15457820892334,-9.737157821655273,-4.520766258239746,-5.641435623168945
40,D5,A302T|N346V|C348W|Y384F|V401L|W417C,-8.38895034790039,-6.15457820892334,-9.737157821655273,-4.520766258239746,-5.641435623168945
41,D6,A302T|N346V|C348F|Y384F|V401L|W417C,-8.38895034790039,-6.15457820892334,-9.737157821655273,-4.520766258239746,-5.641435623168945
42,D7,A302T|N346V|C348L|Y384F|V401L|W417C,-8.38895034790039,-6.15457820892334,-9.737157821655273,-4.520766258239746,-5.641435623168945
43,D8,A302T|N346V|C348T|Y384F|V401L|W417C,-8.38895034790039,-6.15457820892334,-9.737157821655273,-4.520766258239746,-5.641435623168945
44,D9,A302T|N346V|C348V|Y384F|V401L|W417C,-8.38895034790039,-6.15457820892334,-9.737157821655273,-4.520766258239746,-5.641435623168945
45,D10,A302T|N346V|Y384F|V401L|W417C,-8.38895034790039,-6.15457820892334,-9.737157821655273,-4.520766258239746,-5.641435623168945
46,D11,A302T|N346V|C348A|Y384F|V401L|W417L,-6.337702751159668,-6.1968994140625,-7.601588249206543,-4.806930065155029,-7.084959506988525
47,D12,A302T|N346V|C348L|Y384F|V401L|W417L,-6.337702751159668,-6.1968994140625,-7.601588249206543,-4.806930065155029,-7.084959506988525
48,E1,A302T|N346V|C348T|Y384F|V401L|W417L,-6.337702751159668,-6.1968994140625,-7.601588249206543,-4.806930065155029,-7.084959506988525
49,E2,A302T|N346V|C348W|Y384F|V401L|W417L,-6.337702751159668,-6.1968994140625,-7.601588249206543,-4.806930065155029,-7.084959506988525
50,E3,A302T|N346V|C348W|Y384F|V401L|W417L,-6.337702751159668,-6.1968994140625,-7.601588249206543,-4.806930065155029,-7.084959506988525
51,E4,A302T|N346V|C348A|Y384F|V401L|W417S,-8.328965187072754,-9.414281845092773,-9.842317581176758,-5.0176310539245605,-7.500362396240234
52,E5,A302T|N346V|Y384F|V401L|W417S,-8.328965187072754,-9.414281845092773,-9.842317581176758,-5.0176310539245605,-7.500362396240234
53,E6,A302T|N346V|C348F|Y384F|V401L|W417S,-8.328965187072754,-9.414281845092773,-9.842317581176758,-5.0176310539245605,-7.500362396240234
54,E7,A302T|N346V|C348L|Y384F|V401L|W417S,-8.328965187072754,-9.414281845092773,-9.842317581176758,-5.0176310539245605,-7.500362396240234
55,E8,A302T|N346V|C348T|Y384F|V401L|W417S,-8.328965187072754,-9.414281845092773,-9.842317581176758,-5.0176310539245605,-7.500362396240234
56,E9,A302T|N346V|C348V|Y384F|V401L|W417S,-8.328965187072754,-9.414281845092773,-9.842317581176758,-5.0176310539245605,-7.500362396240234
57,E10,A302T|N346V|C348W|Y384F|V401L|W417S,-8.328965187072754,-9.414281845092773,-9.842317581176758,-5.0176310539245605,-7.500362396240234
58,E11,A302T|N346V|C348A|Y384F|V401L|W417T,-8.156023979187012,-9.326769828796387,-8.135538101196289,-5.535984039306641,-8.565069198608398
59,E12,A302T|N346V|C348T|Y384F|V401L|W417T,-8.156023979187012,-9.326769828796387,-8.135538101196289,-5.535984039306641,-8.565069198608398
60,F1,A302T|N346V|C348L|Y384F|V401L|W417T,-8.156023979187012,-9.326769828796387,-8.135538101196289,-5.535984039306641,-8.565069198608398
61,F2,A302T|N346V|C348F|Y384F|V401L|W417T,-8.156023979187012,-9.326769828796387,-8.135538101196289,-5.535984039306641,-8.565069198608398
62,F3,A302T|N346V|C348V|Y384F|V401L|W417T,-8.156023979187012,-9.326769828796387,-8.135538101196289,-5.535984039306641,-8.565069198608398
63,F4,A302T|N346V|C348W|Y384F|V401L|W417T,-8.156023979187012,-9.326769828796387,-8.135538101196289,-5.535984039306641,-8.565069198608398
64,F5,A302T|N346V|C348A|Y384F|V401L|W417V,-6.025712013244629,-4.350949287414551,-7.13839054107666,-3.4306318759918213,-5.727158069610596
65,F6,A302T|N346V|Y384F|V401L|W417V,-6.025712013244629,-4.350949287414551,-7.13839054107666,-3.4306318759918213,-5.727158069610596
66,F7,A302T|N346V|C348F|Y384F|V401L|W417V,-6.025712013244629,-4.350949287414551,-7.13839054107666,-3.4306318759918213,-5.727158069610596
67,F8,A302T|N346V|C348L|Y384F|V401L|W417V,-6.025712013244629,-4.350949287414551,-7.13839054107666,-3.4306318759918213,-5.727158069610596
68,F9,A302T|N346V|C348W|Y384F|V401L|W417V,-6.025712013244629,-4.350949287414551,-7.13839054107666,-3.4306318759918213,-5.727158069610596
69,F10,A302T|N346V|C348A|Y384F|V401L,-3.9794135093688965,-5.34702205657959,-3.2306346893310547,-3.123215675354004,-3.966273546218872
70,F11,A302T|N346V|Y384F|V401L,-3.9794135093688965,-5.34702205657959,-3.2306346893310547,-3.123215675354004,-3.966273546218872
71,F12,A302T|N346V|C348F|Y384F|V401L,-3.9794135093688965,-5.34702205657959,-3.2306346893310547,-3.123215675354004,-3.966273546218872
72,G1,A302T|N346V|Y384F|V401L|W417T,-8.156023979187012,-9.326769828796387,-8.135538101196289,-5.535984039306641,-8.565069198608398
73,G2,A302T|N346V|C348T|Y384F|V401L,-3.9794135093688965,-5.34702205657959,-3.2306346893310547,-3.123215675354004,-3.966273546218872
74,G3,A302T|N346V|C348V|Y384F|V401L,-3.9794135093688965,-5.34702205657959,-3.2306346893310547,-3.123215675354004,-3.966273546218872
75,G4,A302T|N346V|C348W|Y384F|V401L,-3.9794135093688965,-5.34702205657959,-3.2306346893310547,-3.123215675354004,-3.966273546218872
76,G5,A302T|Y306L|N346A|C348A|Y384F|V401L|W417L,-6.337702751159668,-6.1968994140625,-7.601588249206543,-4.806930065155029,-7.084959506988525
77,G6,A302T|Y306A|N346A|C348A|Y384F|V401L|W417L,-6.337702751159668,-6.1968994140625,-7.601588249206543,-4.806930065155029,-7.084959506988525
78,G7,A302T|Y306L|N346V|C348A|Y384F|V401L|W417S,-8.328965187072754,-9.414281845092773,-9.842317581176758,-5.0176310539245605,-7.500362396240234
79,G8,A302T|Y306T|N346V|C348A|Y384F|V401L|W417S,-8.328965187072754,-9.414281845092773,-9.842317581176758,-5.0176310539245605,-7.500362396240234
80,G9,A302T|Y306F|N346V|C348A|Y384F|V401L|W417S,-8.328965187072754,-9.414281845092773,-9.842317581176758,-5.0176310539245605,-7.500362396240234
81,G10,A302T|Y306V|N346V|C348A|Y384F|V401L|W417S,-8.328965187072754,-9.414281845092773,-9.842317581176758,-5.0176310539245605,-7.500362396240234
82,G11,A302T|Y306L|N346V|C348T|Y384F|V401L,-3.9794135093688965,-5.34702205657959,-3.2306346893310547,-3.123215675354004,-3.966273546218872
83,G12,A302T|Y306A|N346V|C348T|Y384F|V401L,-3.9794135093688965,-5.34702205657959,-3.2306346893310547,-3.123215675354004,-3.966273546218872
84,H4,N346G|C348G|Y384F,-5.284741401672363,-4.899320602416992,-4.121393203735352,-3.475362539291382,-4.216409206390381
85,H5,Y306G|Y384F,-5.284741401672363,-4.899320602416992,-4.121393203735352,-3.475362539291382,-4.216409206390381
86,H6,Y306G|Y384F|I405R,-3.512281894683838,-2.4194154739379883,-3.733264923095703,-4.001851558685303,-3.493241786956787
87,H7,K214N|M276N|Y306G|Y384F|I413S,-5.045193672180176,-6.613061428070068,-6.987325668334961,-6.63071870803833,-5.477937698364258
88,H8,K214N|M276N|Y306G|Y384F|I405R|I413S,-5.045193672180176,-6.613061428070068,-6.987325668334961,-6.63071870803833,-5.477937698364258
89,H9,K214N|M276N|Y306A|Y384F|I405R|I413S,-5.045193672180176,-6.613061428070068,-6.987325668334961,-6.63071870803833,-5.477937698364258
90,H10,N346Q|C348A|V401M,-3.285046339035034,-5.207910537719727,-2.9055042266845703,-3.7103443145751953,-4.756260871887207
91,H11,M276P|N346Q|C348A|V401M,-3.285046339035034,-5.207910537719727,-2.9055042266845703,-3.7103443145751953,-4.756260871887207
92,H12,N346Q|C348T|V401M,-3.285046339035034,-5.207910537719727,-2.9055042266845703,-3.7103443145751953,-4.756260871887207
93,N5,Y306C|N346Q|Y384F|V401C,-4.144641876220703,-4.724028587341309,-4.067809104919434,-3.337444305419922,-2.6671268939971924
94,N6,L309A|C348S|Y384F|V401C,-4.144641876220703,-4.724028587341309,-4.067809104919434,-3.337444305419922,-2.6671268939971924
95,N7,Y306C|C348S|Y384F|V401C,-4.144641876220703,-4.724028587341309,-4.067809104919434,-3.337444305419922,-2.6671268939971924
96,N8,L309A|N346Q|Y384F|V401C,-4.144641876220703,-4.724028587341309,-4.067809104919434,-3.337444305419922,-2.6671268939971924
97,N9,L305C|L309V|N346Q|Y384F|V401C,-4.144641876220703,-4.724028587341309,-4.067809104919434,-3.337444305419922,-2.6671268939971924
98,N10,Y306G|C348S|Y384F,-5.284741401672363,-4.899320602416992,-4.121393203735352,-3.475362539291382,-4.216409206390381
99,N11,Y306G|C348F|Y384F,-5.284741401672363,-4.899320602416992,-4.121393203735352,-3.475362539291382,-4.216409206390381
100,N12,Y306G|C348A|Y384F|I405R,-3.512281894683838,-2.4194154739379883,-3.733264923095703,-4.001851558685303,-3.493241786956787
101,P1,L301M|L305I|Y306F|L309A|C348F,-2.7959768772125244,-2.4834237098693848,-1.79856276512146,-2.763467788696289,-2.0465455055236816
102,P2,L309A|C348F,-2.7959768772125244,-2.4834237098693848,-1.79856276512146,-2.763467788696289,-2.0465455055236816
103,P3,L305I|Y306F|L309A|C348F,-2.7959768772125244,-2.4834237098693848,-1.79856276512146,-2.763467788696289,-2.0465455055236816
104,P4,L309V|C348F,-2.7959768772125244,-2.4834237098693848,-1.79856276512146,-2.763467788696289,-2.0465455055236816
105,P5,Y306F|L309A|C348T|I405A|K415E,-4.637528896331787,-3.620479106903076,-3.795186758041382,-4.630580425262451,-3.5720508098602295
106,P6,C348T|Y384F,-5.284741401672363,-4.899320602416992,-4.121393203735352,-3.475362539291382,-4.216409206390381
107,P7,L309A|C348I,-0.7983407974243164,1.375167965888977,1.2276463508605957,-1.3012655973434448,0.2342076301574707
108,P8,L309A|C348S,-4.934404373168945,-4.798214435577393,-4.86338996887207,-4.081986904144287,-5.440211296081543
109,P9,L309A,-5.608212947845459,-5.592498779296875,-5.550893783569336,-5.695984840393066,-6.828218936920166
110,P10,L309A|C348V,-0.16976261138916016,2.453871250152588,0.9934263229370117,-0.42745208740234375,1.1837844848632812
111,P11,L309A|C348V|Y384F,-5.284741401672363,-4.899320602416992,-4.121393203735352,-3.475362539291382,-4.216409206390381
112,P12,L309A|Y384F|K415E,-4.637528896331787,-3.620479106903076,-3.795186758041382,-4.630580425262451,-3.5720508098602295
113,Q1,Y306L|L309A|C348S|Y384F,-5.284741401672363,-4.899320602416992,-4.121393203735352,-3.475362539291382,-4.216409206390381
114,Q2,L309A|C348T|Y384F,-5.284741401672363,-4.899320602416992,-4.121393203735352,-3.475362539291382,-4.216409206390381
115,Q3,C348S|Y384F,-5.284741401672363,-4.899320602416992,-4.121393203735352,-3.475362539291382,-4.216409206390381
116,Q4,L309A|Y384F,-5.284741401672363,-4.899320602416992,-4.121393203735352,-3.475362539291382,-4.216409206390381
117,Q5,L309A|C348F,-2.7959768772125244,-2.4834237098693848,-1.79856276512146,-2.763467788696289,-2.0465455055236816
118,Q6,C348F|Y384F,-5.284741401672363,-4.899320602416992,-4.121393203735352,-3.475362539291382,-4.216409206390381
119,Q7,C348F|Y384W,-8.19283676147461,-9.085862159729004,-6.3211469650268555,-6.333001613616943,-8.308034896850586
120,Q8,C348T|F366L|E396K|F434C|K435I,-7.244439125061035,-6.726708889007568,-6.045348644256592,-6.099846839904785,-6.244994163513184
121,Q9,Y306F|L309A|C348T|Y384F,-5.284741401672363,-4.899320602416992,-4.121393203735352,-3.475362539291382,-4.216409206390381
122,Q10,L309A|C348F,-2.7959768772125244,-2.4834237098693848,-1.79856276512146,-2.763467788696289,-2.0465455055236816
123,Q11,L309A|C348F|Y384F,-5.284741401672363,-4.899320602416992,-4.121393203735352,-3.475362539291382,-4.216409206390381
124,Q12,L309A|C348F|K435R,-4.328122138977051,-4.965728759765625,-4.506112098693848,-4.561883926391602,-4.078948497772217
