index,id,mutant,esm_msa1b_t12_100M_UR50S
0,B1,L305F|L309M|N346G|C348G|Y384F,-7.240523338317871
1,384A,L305F|L309M|N346G|C348G|Y384A,-13.376895904541016
2,384C,L305F|L309M|N346G|C348G|Y384C,-9.086174964904785
3,384E,L305F|L309M|N346G|C348G|Y384E,-12.416387557983398
4,384D,L305F|L309M|N346G|C348G|Y384D,-10.791715621948242
5,384G,L305F|L309M|N346G|C348G|Y384G,-13.107780456542969
6,384I,L305F|L309M|N346G|C348G|Y384I,-12.6806058883667
7,384H,L305F|L309M|N346G|C348G|Y384H,-8.626199722290039
8,384K,L305F|L309M|N346G|C348G|Y384K,-13.327077865600586
9,384M,L305F|L309M|N346G|C348G|Y384M,-13.740201950073242
10,384L,L305F|L309M|N346G|C348G|Y384L,-11.463662147521973
11,384N,L305F|L309M|N346G|C348G|Y384N,-10.940807342529297
12,384Q,L305F|L309M|N346G|C348G|Y384Q,-12.526022911071777
13,384P,L305F|L309M|N346G|C348G|Y384P,-13.448201179504395
14,384S,L305F|L309M|N346G|C348G|Y384S,-10.305243492126465
15,384R,L305F|L309M|N346G|C348G|Y384R,-12.481657028198242
16,384T,L305F|L309M|N346G|C348G|Y384T,-13.698688507080078
17,384W,L305F|L309M|N346G|C348G|Y384W,-11.596352577209473
18,384V,L305F|L309M|N346G|C348G|Y384V,-12.963142395019531
19,384Y,L305F|L309M|N346G|C348G,-8.860225677490234
20,305A,L305A|L309M|N346G|C348G|Y384F,-7.240523338317871
21,305C,L305C|L309M|N346G|C348G|Y384F,-7.240523338317871
22,305E,L305E|L309M|N346G|C348G|Y384F,-7.240523338317871
23,305D,L305D|L309M|N346G|C348G|Y384F,-7.240523338317871
24,305G,L305G|L309M|N346G|C348G|Y384F,-7.240523338317871
25,305I,L305I|L309M|N346G|C348G|Y384F,-7.240523338317871
26,305H,L305H|L309M|N346G|C348G|Y384F,-7.240523338317871
27,305K,L305K|L309M|N346G|C348G|Y384F,-7.240523338317871
28,305M,L305M|L309M|N346G|C348G|Y384F,-7.240523338317871
29,305L,L309M|N346G|C348G|Y384F,-7.240523338317871
30,305N,L305N|L309M|N346G|C348G|Y384F,-7.240523338317871
31,305Q,L305Q|L309M|N346G|C348G|Y384F,-7.240523338317871
32,305P,L305P|L309M|N346G|C348G|Y384F,-7.240523338317871
33,305S,L305S|L309M|N346G|C348G|Y384F,-7.240523338317871
34,305R,L305R|L309M|N346G|C348G|Y384F,-7.240523338317871
35,305T,L305T|L309M|N346G|C348G|Y384F,-7.240523338317871
36,305W,L305W|L309M|N346G|C348G|Y384F,-7.240523338317871
37,305V,L305V|L309M|N346G|C348G|Y384F,-7.240523338317871
38,305Y,L305Y|L309M|N346G|C348G|Y384F,-7.240523338317871
39,306A,L305F|Y306A|L309M|N346G|C348G|Y384F,-7.240523338317871
40,306C,L305F|Y306C|L309M|N346G|C348G|Y384F,-7.240523338317871
41,306E,L305F|Y306E|L309M|N346G|C348G|Y384F,-7.240523338317871
42,306D,L305F|Y306D|L309M|N346G|C348G|Y384F,-7.240523338317871
43,306G,L305F|Y306G|L309M|N346G|C348G|Y384F,-7.240523338317871
44,306F,L305F|Y306F|L309M|N346G|C348G|Y384F,-7.240523338317871
45,306I,L305F|Y306I|L309M|N346G|C348G|Y384F,-7.240523338317871
46,306H,L305F|Y306H|L309M|N346G|C348G|Y384F,-7.240523338317871
47,306K,L305F|Y306K|L309M|N346G|C348G|Y384F,-7.240523338317871
48,306M,L305F|Y306M|L309M|N346G|C348G|Y384F,-7.240523338317871
49,306L,L305F|Y306L|L309M|N346G|C348G|Y384F,-7.240523338317871
50,306N,L305F|Y306N|L309M|N346G|C348G|Y384F,-7.240523338317871
51,306Q,L305F|Y306Q|L309M|N346G|C348G|Y384F,-7.240523338317871
52,306P,L305F|Y306P|L309M|N346G|C348G|Y384F,-7.240523338317871
53,306S,L305F|Y306S|L309M|N346G|C348G|Y384F,-7.240523338317871
54,306R,L305F|Y306R|L309M|N346G|C348G|Y384F,-7.240523338317871
55,306T,L305F|Y306T|L309M|N346G|C348G|Y384F,-7.240523338317871
56,306W,L305F|Y306W|L309M|N346G|C348G|Y384F,-7.240523338317871
57,306V,L305F|Y306V|L309M|N346G|C348G|Y384F,-7.240523338317871
58,309A,L305F|L309A|N346G|C348G|Y384F,-7.240523338317871
59,309C,L305F|L309C|N346G|C348G|Y384F,-7.240523338317871
60,309E,L305F|L309E|N346G|C348G|Y384F,-7.240523338317871
61,309D,L305F|L309D|N346G|C348G|Y384F,-7.240523338317871
62,309G,L305F|L309G|N346G|C348G|Y384F,-7.240523338317871
63,309F,L305F|L309F|N346G|C348G|Y384F,-7.240523338317871
64,309I,L305F|L309I|N346G|C348G|Y384F,-7.240523338317871
65,309H,L305F|L309H|N346G|C348G|Y384F,-7.240523338317871
66,309K,L305F|L309K|N346G|C348G|Y384F,-7.240523338317871
67,309L,L305F|N346G|C348G|Y384F,-7.240523338317871
68,309N,L305F|L309N|N346G|C348G|Y384F,-7.240523338317871
69,309Q,L305F|L309Q|N346G|C348G|Y384F,-7.240523338317871
70,309P,L305F|L309P|N346G|C348G|Y384F,-7.240523338317871
71,309S,L305F|L309S|N346G|C348G|Y384F,-7.240523338317871
72,309R,L305F|L309R|N346G|C348G|Y384F,-7.240523338317871
73,309T,L305F|L309T|N346G|C348G|Y384F,-7.240523338317871
74,309W,L305F|L309W|N346G|C348G|Y384F,-7.240523338317871
75,309V,L305F|L309V|N346G|C348G|Y384F,-7.240523338317871
76,309Y,L305F|L309Y|N346G|C348G|Y384F,-7.240523338317871
77,417A,L305F|L309M|N346G|C348G|Y384F|W417A,-13.179727554321289
78,417C,L305F|L309M|N346G|C348G|Y384F|W417C,-9.406229019165039
79,417E,L305F|L309M|N346G|C348G|Y384F|W417E,-14.835695266723633
80,417D,L305F|L309M|N346G|C348G|Y384F|W417D,-15.918081283569336
81,417G,L305F|L309M|N346G|C348G|Y384F|W417G,-11.293059349060059
82,417F,L305F|L309M|N346G|C348G|Y384F|W417F,-9.416236877441406
83,417I,L305F|L309M|N346G|C348G|Y384F|W417I,-12.56214427947998
84,417H,L305F|L309M|N346G|C348G|Y384F|W417H,-13.607815742492676
85,417K,L305F|L309M|N346G|C348G|Y384F|W417K,-14.020227432250977
86,417M,L305F|L309M|N346G|C348G|Y384F|W417M,-12.0766019821167
87,417L,L305F|L309M|N346G|C348G|Y384F|W417L,-9.530674934387207
88,417N,L305F|L309M|N346G|C348G|Y384F|W417N,-14.901349067687988
89,417Q,L305F|L309M|N346G|C348G|Y384F|W417Q,-13.033315658569336
90,417P,L305F|L309M|N346G|C348G|Y384F|W417P,-14.39578914642334
91,417S,L305F|L309M|N346G|C348G|Y384F|W417S,-10.890405654907227
92,417R,L305F|L309M|N346G|C348G|Y384F|W417R,-9.854479789733887
93,417T,L305F|L309M|N346G|C348G|Y384F|W417T,-14.03989028930664
94,417V,L305F|L309M|N346G|C348G|Y384F|W417V,-12.501333236694336
95,417Y,L305F|L309M|N346G|C348G|Y384F|W417Y,-9.562101364135742
96,401A,L305F|L309M|N346G|C348G|Y384F|V401A,-5.758111953735352
97,401C,L305F|L309M|N346G|C348G|Y384F|V401C,-10.336627960205078
98,401E,L305F|L309M|N346G|C348G|Y384F|V401E,-11.78506851196289
99,401D,L305F|L309M|N346G|C348G|Y384F|V401D,-13.071534156799316
100,401G,L305F|L309M|N346G|C348G|Y384F|V401G,-10.463199615478516
101,401F,L305F|L309M|N346G|C348G|Y384F|V401F,-10.450477600097656
102,401I,L305F|L309M|N346G|C348G|Y384F|V401I,-5.765413284301758
103,401H,L305F|L309M|N346G|C348G|Y384F|V401H,-16.208141326904297
104,401K,L305F|L309M|N346G|C348G|Y384F|V401K,-14.114889144897461
105,401M,L305F|L309M|N346G|C348G|Y384F|V401M,-8.080556869506836
106,401L,L305F|L309M|N346G|C348G|Y384F|V401L,-8.268482208251953
107,401N,L305F|L309M|N346G|C348G|Y384F|V401N,-13.634130477905273
108,401Q,L305F|L309M|N346G|C348G|Y384F|V401Q,-14.177129745483398
109,401P,L305F|L309M|N346G|C348G|Y384F|V401P,-13.128954887390137
110,401S,L305F|L309M|N346G|C348G|Y384F|V401S,-10.083812713623047
111,401R,L305F|L309M|N346G|C348G|Y384F|V401R,-14.154024124145508
112,401T,L305F|L309M|N346G|C348G|Y384F|V401T,-8.827499389648438
113,401W,L305F|L309M|N346G|C348G|Y384F|V401W,-15.874247550964355
114,401Y,L305F|L309M|N346G|C348G|Y384F|V401Y,-14.689178466796875
115,346A,L305F|L309M|N346A|C348G|Y384F,-7.240523338317871
116,346C,L305F|L309M|N346C|C348G|Y384F,-7.240523338317871
117,346E,L305F|L309M|N346E|C348G|Y384F,-7.240523338317871
118,346D,L305F|L309M|N346D|C348G|Y384F,-7.240523338317871
119,346F,L305F|L309M|N346F|C348G|Y384F,-7.240523338317871
120,346I,L305F|L309M|N346I|C348G|Y384F,-7.240523338317871
121,346H,L305F|L309M|N346H|C348G|Y384F,-7.240523338317871
122,346K,L305F|L309M|N346K|C348G|Y384F,-7.240523338317871
123,346M,L305F|L309M|N346M|C348G|Y384F,-7.240523338317871
124,346L,L305F|L309M|N346L|C348G|Y384F,-7.240523338317871
125,346N,L305F|L309M|C348G|Y384F,-7.240523338317871
126,346Q,L305F|L309M|N346Q|C348G|Y384F,-7.240523338317871
127,346P,L305F|L309M|N346P|C348G|Y384F,-7.240523338317871
128,346S,L305F|L309M|N346S|C348G|Y384F,-7.240523338317871
129,346R,L305F|L309M|N346R|C348G|Y384F,-7.240523338317871
130,346T,L305F|L309M|N346T|C348G|Y384F,-7.240523338317871
131,346W,L305F|L309M|N346W|C348G|Y384F,-7.240523338317871
132,346V,L305F|L309M|N346V|C348G|Y384F,-7.240523338317871
133,346Y,L305F|L309M|N346Y|C348G|Y384F,-7.240523338317871
134,348A,L305F|L309M|N346G|C348A|Y384F,-7.240523338317871
135,348C,L305F|L309M|N346G|Y384F,-7.240523338317871
136,348E,L305F|L309M|N346G|C348E|Y384F,-7.240523338317871
137,348D,L305F|L309M|N346G|C348D|Y384F,-7.240523338317871
138,348F,L305F|L309M|N346G|C348F|Y384F,-7.240523338317871
139,348I,L305F|L309M|N346G|C348I|Y384F,-7.240523338317871
140,348H,L305F|L309M|N346G|C348H|Y384F,-7.240523338317871
141,348K,L305F|L309M|N346G|C348K|Y384F,-7.240523338317871
142,348M,L305F|L309M|N346G|C348M|Y384F,-7.240523338317871
143,348L,L305F|L309M|N346G|C348L|Y384F,-7.240523338317871
144,348N,L305F|L309M|N346G|C348N|Y384F,-7.240523338317871
145,348Q,L305F|L309M|N346G|C348Q|Y384F,-7.240523338317871
146,348P,L305F|L309M|N346G|C348P|Y384F,-7.240523338317871
147,348S,L305F|L309M|N346G|C348S|Y384F,-7.240523338317871
148,348R,L305F|L309M|N346G|C348R|Y384F,-7.240523338317871
149,348T,L305F|L309M|N346G|C348T|Y384F,-7.240523338317871
150,348W,L305F|L309M|N346G|C348W|Y384F,-7.240523338317871
151,348V,L305F|L309M|N346G|C348V|Y384F,-7.240523338317871
152,348Y,L305F|L309M|N346G|C348Y|Y384F,-7.240523338317871
153,302C,A302C|L305F|L309M|N346G|C348G|Y384F,-7.240523338317871
154,302E,A302E|L305F|L309M|N346G|C348G|Y384F,-7.240523338317871
155,302D,A302D|L305F|L309M|N346G|C348G|Y384F,-7.240523338317871
156,302G,A302G|L305F|L309M|N346G|C348G|Y384F,-7.240523338317871
157,302F,A302F|L305F|L309M|N346G|C348G|Y384F,-7.240523338317871
158,302I,A302I|L305F|L309M|N346G|C348G|Y384F,-7.240523338317871
159,302H,A302H|L305F|L309M|N346G|C348G|Y384F,-7.240523338317871
160,302K,A302K|L305F|L309M|N346G|C348G|Y384F,-7.240523338317871
161,302M,A302M|L305F|L309M|N346G|C348G|Y384F,-7.240523338317871
162,302L,A302L|L305F|L309M|N346G|C348G|Y384F,-7.240523338317871
163,302N,A302N|L305F|L309M|N346G|C348G|Y384F,-7.240523338317871
164,302Q,A302Q|L305F|L309M|N346G|C348G|Y384F,-7.240523338317871
165,302P,A302P|L305F|L309M|N346G|C348G|Y384F,-7.240523338317871
166,302S,A302S|L305F|L309M|N346G|C348G|Y384F,-7.240523338317871
167,302R,A302R|L305F|L309M|N346G|C348G|Y384F,-7.240523338317871
168,302T,A302T|L305F|L309M|N346G|C348G|Y384F,-7.240523338317871
169,302W,A302W|L305F|L309M|N346G|C348G|Y384F,-7.240523338317871
170,302V,A302V|L305F|L309M|N346G|C348G|Y384F,-7.240523338317871
171,302Y,A302Y|L305F|L309M|N346G|C348G|Y384F,-7.240523338317871
