,mutant
0,A302A
1,A302C
2,A302D
3,A302E
4,A302F
5,A302G
6,A302H
7,A302I
8,A302K
9,A302L
10,A302M
11,A302N
12,A302P
13,A302Q
14,A302R
15,A302S
16,A302T
17,A302V
18,A302W
19,A302Y
20,L305A
21,L305C
22,L305D
23,L305E
24,L305F
25,L305G
26,L305H
27,L305I
28,L305K
29,L305M
30,L305N
31,L305P
32,L305Q
33,L305R
34,L305S
35,L305T
36,L305V
37,L305W
38,L305Y
39,Y306A
40,Y306C
41,Y306D
42,Y306E
43,Y306F
44,Y306G
45,Y306H
46,Y306I
47,Y306K
48,Y306L
49,Y306M
50,Y306N
51,Y306P
52,Y306Q
53,Y306R
54,Y306S
55,Y306T
56,Y306V
57,Y306W
58,L309A
59,L309C
60,L309D
61,L309E
62,L309F
63,L309G
64,L309H
65,L309I
66,L309K
67,L309M
68,L309N
69,L309P
70,L309Q
71,L309R
72,L309S
73,L309T
74,L309V
75,L309W
76,L309Y
77,N346A
78,N346C
79,N346D
80,N346E
81,N346F
82,N346G
83,N346H
84,N346I
85,N346K
86,N346L
87,N346M
88,N346P
89,N346Q
90,N346R
91,N346S
92,N346T
93,N346V
94,N346W
95,N346Y
96,C348A
97,C348D
98,C348E
99,C348F
100,C348G
101,C348H
102,C348I
103,C348K
104,C348L
105,C348M
106,C348N
107,C348P
108,C348Q
109,C348R
110,C348S
111,C348T
112,C348V
113,C348W
114,C348Y
115,Y384A
116,Y384C
117,Y384D
118,Y384E
119,Y384F
120,Y384G
121,Y384H
122,Y384I
123,Y384K
124,Y384L
125,Y384M
126,Y384N
127,Y384P
128,Y384Q
129,Y384R
130,Y384S
131,Y384T
132,Y384V
133,Y384W
134,V401A
135,V401C
136,V401D
137,V401E
138,V401F
139,V401G
140,V401H
141,V401I
142,V401K
143,V401L
144,V401M
145,V401N
146,V401P
147,V401Q
148,V401R
149,V401S
150,V401T
151,V401W
152,V401Y
153,W417A
154,W417C
155,W417D
156,W417E
157,W417F
158,W417G
159,W417H
160,W417I
161,W417K
162,W417L
163,W417M
164,W417N
165,W417P
166,W417Q
167,W417R
168,W417S
169,W417T
170,W417V
171,W417Y
